﻿Name,Stephanie Kim Nothelle
Address,"1226 ST-PAUL ST 1FL, BALTIMORE, MD 21202"
Account Number,4022632703
Service,Service 1

TYPE,DATE,START TIME,END TIME,USAGE,UNITS,COST,NOTES
Natural gas usage,2015-02-27,00:00,23:59,131.00,therms,$132.46,
Natural gas usage,2015-03-31,00:00,23:59,10.00,therms,$42.37,* This data was estimated
Natural gas usage,2015-06-02,00:00,23:59,0.00,therms,$13.47,
Natural gas usage,2015-06-30,00:00,23:59,3.00,therms,$15.85,
Natural gas usage,2015-07-31,00:00,23:59,0.00,therms,$13.47,
