﻿Name,Stephanie Kim Nothelle
Address,"807 ST-PAUL ST 2A, BALTIMORE, MD 21202"
Account Number,3679731000
Service,Service 1

TYPE,DATE,START TIME,END TIME,USAGE,UNITS,COST,NOTES
Electric usage,2014-03-01,00:00,00:59,1.43,kWh,$0.19,
Electric usage,2014-03-01,01:00,01:59,1.62,kWh,$0.22,
Electric usage,2014-03-01,02:00,02:59,1.64,kWh,$0.22,
Electric usage,2014-03-01,03:00,03:59,1.71,kWh,$0.23,
Electric usage,2014-03-01,04:00,04:59,1.21,kWh,$0.16,
Electric usage,2014-03-01,05:00,05:59,1.66,kWh,$0.22,
Electric usage,2014-03-01,06:00,06:59,1.48,kWh,$0.20,
Electric usage,2014-03-01,07:00,07:59,1.26,kWh,$0.17,
Electric usage,2014-03-01,08:00,08:59,2.41,kWh,$0.32,
Electric usage,2014-03-01,09:00,09:59,2.66,kWh,$0.35,
Electric usage,2014-03-01,10:00,10:59,2.57,kWh,$0.34,
Electric usage,2014-03-01,11:00,11:59,2.33,kWh,$0.31,
Electric usage,2014-03-01,12:00,12:59,2.01,kWh,$0.27,
Electric usage,2014-03-01,13:00,13:59,1.93,kWh,$0.26,
Electric usage,2014-03-01,14:00,14:59,1.76,kWh,$0.23,
Electric usage,2014-03-01,15:00,15:59,1.84,kWh,$0.24,
Electric usage,2014-03-01,16:00,16:59,1.82,kWh,$0.24,
Electric usage,2014-03-01,17:00,17:59,1.77,kWh,$0.23,
Electric usage,2014-03-01,18:00,18:59,1.91,kWh,$0.25,
Electric usage,2014-03-01,19:00,19:59,1.54,kWh,$0.20,
Electric usage,2014-03-01,20:00,20:59,1.67,kWh,$0.22,
Electric usage,2014-03-01,21:00,21:59,1.69,kWh,$0.22,
Electric usage,2014-03-01,22:00,22:59,0.84,kWh,$0.11,
Electric usage,2014-03-01,23:00,23:59,0.34,kWh,$0.04,
Electric usage,2014-03-02,00:00,00:59,0.51,kWh,$0.07,
Electric usage,2014-03-02,01:00,01:59,0.44,kWh,$0.06,
Electric usage,2014-03-02,02:00,02:59,0.52,kWh,$0.07,
Electric usage,2014-03-02,03:00,03:59,0.62,kWh,$0.08,
Electric usage,2014-03-02,04:00,04:59,0.62,kWh,$0.08,
Electric usage,2014-03-02,05:00,05:59,0.65,kWh,$0.09,
Electric usage,2014-03-02,06:00,06:59,0.71,kWh,$0.09,
Electric usage,2014-03-02,07:00,07:59,0.69,kWh,$0.09,
Electric usage,2014-03-02,08:00,08:59,0.89,kWh,$0.12,
Electric usage,2014-03-02,09:00,09:59,0.82,kWh,$0.11,
Electric usage,2014-03-02,10:00,10:59,2.04,kWh,$0.27,
Electric usage,2014-03-02,11:00,11:59,1.91,kWh,$0.25,
Electric usage,2014-03-02,12:00,12:59,1.82,kWh,$0.24,
Electric usage,2014-03-02,13:00,13:59,1.52,kWh,$0.20,
Electric usage,2014-03-02,14:00,14:59,1.70,kWh,$0.22,
Electric usage,2014-03-02,15:00,15:59,1.54,kWh,$0.20,
Electric usage,2014-03-02,16:00,16:59,1.54,kWh,$0.20,
Electric usage,2014-03-02,17:00,17:59,1.55,kWh,$0.21,
Electric usage,2014-03-02,18:00,18:59,1.70,kWh,$0.22,
Electric usage,2014-03-02,19:00,19:59,1.49,kWh,$0.20,
Electric usage,2014-03-02,20:00,20:59,1.56,kWh,$0.21,
Electric usage,2014-03-02,21:00,21:59,1.53,kWh,$0.20,
Electric usage,2014-03-02,22:00,22:59,1.45,kWh,$0.19,
Electric usage,2014-03-02,23:00,23:59,1.39,kWh,$0.18,
Electric usage,2014-03-03,00:00,00:59,1.34,kWh,$0.18,
Electric usage,2014-03-03,01:00,01:59,1.49,kWh,$0.20,
Electric usage,2014-03-03,02:00,02:59,1.19,kWh,$0.16,
Electric usage,2014-03-03,03:00,03:59,1.65,kWh,$0.22,
Electric usage,2014-03-03,04:00,04:59,1.45,kWh,$0.19,
Electric usage,2014-03-03,05:00,05:59,1.70,kWh,$0.23,
Electric usage,2014-03-03,06:00,06:59,1.62,kWh,$0.22,
Electric usage,2014-03-03,07:00,07:59,1.65,kWh,$0.22,
Electric usage,2014-03-03,08:00,08:59,1.54,kWh,$0.20,
Electric usage,2014-03-03,09:00,09:59,1.43,kWh,$0.19,
Electric usage,2014-03-03,10:00,10:59,1.63,kWh,$0.22,
Electric usage,2014-03-03,11:00,11:59,1.67,kWh,$0.22,
Electric usage,2014-03-03,12:00,12:59,1.53,kWh,$0.20,
Electric usage,2014-03-03,13:00,13:59,1.42,kWh,$0.19,
Electric usage,2014-03-03,14:00,14:59,1.74,kWh,$0.23,
Electric usage,2014-03-03,15:00,15:59,1.61,kWh,$0.21,
Electric usage,2014-03-03,16:00,16:59,1.50,kWh,$0.20,
Electric usage,2014-03-03,17:00,17:59,1.59,kWh,$0.21,
Electric usage,2014-03-03,18:00,18:59,1.60,kWh,$0.21,
Electric usage,2014-03-03,19:00,19:59,1.79,kWh,$0.24,
Electric usage,2014-03-03,20:00,20:59,1.48,kWh,$0.20,
Electric usage,2014-03-03,21:00,21:59,1.30,kWh,$0.17,
Electric usage,2014-03-03,22:00,22:59,0.87,kWh,$0.12,
Electric usage,2014-03-03,23:00,23:59,0.78,kWh,$0.10,
Electric usage,2014-03-04,00:00,00:59,1.08,kWh,$0.14,
Electric usage,2014-03-04,01:00,01:59,1.04,kWh,$0.14,
Electric usage,2014-03-04,02:00,02:59,1.07,kWh,$0.14,
Electric usage,2014-03-04,03:00,03:59,1.17,kWh,$0.16,
Electric usage,2014-03-04,04:00,04:59,1.27,kWh,$0.17,
Electric usage,2014-03-04,05:00,05:59,1.01,kWh,$0.13,
Electric usage,2014-03-04,06:00,06:59,1.76,kWh,$0.23,
Electric usage,2014-03-04,07:00,07:59,1.50,kWh,$0.20,
Electric usage,2014-03-04,08:00,08:59,1.03,kWh,$0.14,
Electric usage,2014-03-04,09:00,09:59,1.22,kWh,$0.16,
Electric usage,2014-03-04,10:00,10:59,1.85,kWh,$0.25,
Electric usage,2014-03-04,11:00,11:59,2.06,kWh,$0.27,
Electric usage,2014-03-04,12:00,12:59,1.65,kWh,$0.22,
Electric usage,2014-03-04,13:00,13:59,1.02,kWh,$0.13,
Electric usage,2014-03-04,14:00,14:59,1.02,kWh,$0.14,
Electric usage,2014-03-04,15:00,15:59,0.68,kWh,$0.09,
Electric usage,2014-03-04,16:00,16:59,0.66,kWh,$0.09,
Electric usage,2014-03-04,17:00,17:59,1.82,kWh,$0.24,
Electric usage,2014-03-04,18:00,18:59,2.24,kWh,$0.30,
Electric usage,2014-03-04,19:00,19:59,1.94,kWh,$0.26,
Electric usage,2014-03-04,20:00,20:59,2.15,kWh,$0.29,
Electric usage,2014-03-04,21:00,21:59,1.75,kWh,$0.23,
Electric usage,2014-03-04,22:00,22:59,1.23,kWh,$0.16,
Electric usage,2014-03-04,23:00,23:59,1.01,kWh,$0.13,
Electric usage,2014-03-05,00:00,00:59,1.19,kWh,$0.16,
Electric usage,2014-03-05,01:00,01:59,1.02,kWh,$0.14,
Electric usage,2014-03-05,02:00,02:59,1.16,kWh,$0.15,
Electric usage,2014-03-05,03:00,03:59,1.26,kWh,$0.17,
Electric usage,2014-03-05,04:00,04:59,1.30,kWh,$0.17,
Electric usage,2014-03-05,05:00,05:59,1.61,kWh,$0.21,
Electric usage,2014-03-05,06:00,06:59,1.59,kWh,$0.21,
Electric usage,2014-03-05,07:00,07:59,1.17,kWh,$0.16,
Electric usage,2014-03-05,08:00,08:59,1.13,kWh,$0.15,
Electric usage,2014-03-05,09:00,09:59,1.60,kWh,$0.21,
Electric usage,2014-03-05,10:00,10:59,1.18,kWh,$0.16,
Electric usage,2014-03-05,11:00,11:59,1.22,kWh,$0.16,
Electric usage,2014-03-05,12:00,12:59,1.17,kWh,$0.16,
Electric usage,2014-03-05,13:00,13:59,1.04,kWh,$0.14,
Electric usage,2014-03-05,14:00,14:59,0.91,kWh,$0.12,
Electric usage,2014-03-05,15:00,15:59,0.69,kWh,$0.09,
Electric usage,2014-03-05,16:00,16:59,0.60,kWh,$0.08,
Electric usage,2014-03-05,17:00,17:59,1.07,kWh,$0.14,
Electric usage,2014-03-05,18:00,18:59,1.11,kWh,$0.15,
Electric usage,2014-03-05,19:00,19:59,0.82,kWh,$0.11,
Electric usage,2014-03-05,20:00,20:59,0.99,kWh,$0.13,
Electric usage,2014-03-05,21:00,21:59,1.10,kWh,$0.15,
Electric usage,2014-03-05,22:00,22:59,0.92,kWh,$0.12,
Electric usage,2014-03-05,23:00,23:59,1.09,kWh,$0.14,
Electric usage,2014-03-06,00:00,00:59,0.94,kWh,$0.12,
Electric usage,2014-03-06,01:00,01:59,1.12,kWh,$0.15,
Electric usage,2014-03-06,02:00,02:59,1.05,kWh,$0.14,
Electric usage,2014-03-06,03:00,03:59,1.15,kWh,$0.15,
Electric usage,2014-03-06,04:00,04:59,1.02,kWh,$0.14,
Electric usage,2014-03-06,05:00,05:59,1.12,kWh,$0.15,
Electric usage,2014-03-06,06:00,06:59,1.36,kWh,$0.18,
Electric usage,2014-03-06,07:00,07:59,1.24,kWh,$0.16,
Electric usage,2014-03-06,08:00,08:59,1.17,kWh,$0.16,
Electric usage,2014-03-06,09:00,09:59,1.03,kWh,$0.14,
Electric usage,2014-03-06,10:00,10:59,1.15,kWh,$0.15,
Electric usage,2014-03-06,11:00,11:59,1.04,kWh,$0.14,
Electric usage,2014-03-06,12:00,12:59,1.09,kWh,$0.14,
Electric usage,2014-03-06,13:00,13:59,1.08,kWh,$0.14,
Electric usage,2014-03-06,14:00,14:59,1.02,kWh,$0.13,
Electric usage,2014-03-06,15:00,15:59,0.83,kWh,$0.11,
Electric usage,2014-03-06,16:00,16:59,1.08,kWh,$0.14,
Electric usage,2014-03-06,17:00,17:59,0.96,kWh,$0.13,
Electric usage,2014-03-06,18:00,18:59,0.96,kWh,$0.13,
Electric usage,2014-03-06,19:00,19:59,1.25,kWh,$0.17,
Electric usage,2014-03-06,20:00,20:59,1.13,kWh,$0.15,
Electric usage,2014-03-06,21:00,21:59,1.12,kWh,$0.15,
Electric usage,2014-03-06,22:00,22:59,1.04,kWh,$0.14,
Electric usage,2014-03-06,23:00,23:59,1.10,kWh,$0.15,
Electric usage,2014-03-07,00:00,00:59,0.97,kWh,$0.13,
Electric usage,2014-03-07,01:00,01:59,1.00,kWh,$0.13,
Electric usage,2014-03-07,02:00,02:59,1.02,kWh,$0.14,
Electric usage,2014-03-07,03:00,03:59,1.27,kWh,$0.17,
Electric usage,2014-03-07,04:00,04:59,1.00,kWh,$0.13,
Electric usage,2014-03-07,05:00,05:59,1.12,kWh,$0.15,
Electric usage,2014-03-07,06:00,06:59,1.35,kWh,$0.18,
Electric usage,2014-03-07,07:00,07:59,0.97,kWh,$0.13,
Electric usage,2014-03-07,08:00,08:59,1.31,kWh,$0.17,
Electric usage,2014-03-07,09:00,09:59,1.14,kWh,$0.15,
Electric usage,2014-03-07,10:00,10:59,1.31,kWh,$0.17,
Electric usage,2014-03-07,11:00,11:59,1.12,kWh,$0.15,
Electric usage,2014-03-07,12:00,12:59,1.06,kWh,$0.14,
Electric usage,2014-03-07,13:00,13:59,0.94,kWh,$0.12,
Electric usage,2014-03-07,14:00,14:59,0.81,kWh,$0.11,
Electric usage,2014-03-07,15:00,15:59,0.82,kWh,$0.11,
Electric usage,2014-03-07,16:00,16:59,0.94,kWh,$0.13,
Electric usage,2014-03-07,17:00,17:59,1.02,kWh,$0.14,
Electric usage,2014-03-07,18:00,18:59,1.00,kWh,$0.13,
Electric usage,2014-03-07,19:00,19:59,0.72,kWh,$0.09,
Electric usage,2014-03-07,20:00,20:59,0.60,kWh,$0.08,
Electric usage,2014-03-07,21:00,21:59,0.46,kWh,$0.06,
Electric usage,2014-03-07,22:00,22:59,0.78,kWh,$0.10,
Electric usage,2014-03-07,23:00,23:59,0.92,kWh,$0.12,
Electric usage,2014-03-08,00:00,00:59,0.85,kWh,$0.11,
Electric usage,2014-03-08,01:00,01:59,0.97,kWh,$0.13,
Electric usage,2014-03-08,02:00,02:59,0.97,kWh,$0.13,
Electric usage,2014-03-08,03:00,03:59,0.93,kWh,$0.12,
Electric usage,2014-03-08,04:00,04:59,0.93,kWh,$0.12,
Electric usage,2014-03-08,05:00,05:59,1.06,kWh,$0.14,
Electric usage,2014-03-08,06:00,06:59,0.98,kWh,$0.13,
Electric usage,2014-03-08,07:00,07:59,1.12,kWh,$0.15,
Electric usage,2014-03-08,08:00,08:59,0.94,kWh,$0.12,
Electric usage,2014-03-08,09:00,09:59,0.99,kWh,$0.13,
Electric usage,2014-03-08,10:00,10:59,0.73,kWh,$0.10,
Electric usage,2014-03-08,11:00,11:59,0.67,kWh,$0.09,
Electric usage,2014-03-08,12:00,12:59,0.81,kWh,$0.11,
Electric usage,2014-03-08,13:00,13:59,0.57,kWh,$0.08,
Electric usage,2014-03-08,14:00,14:59,0.49,kWh,$0.06,
Electric usage,2014-03-08,15:00,15:59,0.43,kWh,$0.06,
Electric usage,2014-03-08,16:00,16:59,0.26,kWh,$0.03,
Electric usage,2014-03-08,17:00,17:59,0.47,kWh,$0.06,
Electric usage,2014-03-08,18:00,18:59,0.57,kWh,$0.08,
Electric usage,2014-03-08,19:00,19:59,0.63,kWh,$0.08,
Electric usage,2014-03-08,20:00,20:59,0.45,kWh,$0.06,
Electric usage,2014-03-08,21:00,21:59,0.35,kWh,$0.05,
Electric usage,2014-03-08,22:00,22:59,0.53,kWh,$0.07,
Electric usage,2014-03-08,23:00,23:59,0.51,kWh,$0.07,
Electric usage,2014-03-09,00:00,00:59,0.62,kWh,$0.08,
Electric usage,2014-03-09,01:00,01:59,0.66,kWh,$0.09,
Electric usage,2014-03-09,03:00,03:59,0.64,kWh,$0.09,
Electric usage,2014-03-09,04:00,04:59,0.65,kWh,$0.09,
Electric usage,2014-03-09,05:00,05:59,0.64,kWh,$0.08,
Electric usage,2014-03-09,06:00,06:59,0.78,kWh,$0.10,
Electric usage,2014-03-09,07:00,07:59,0.73,kWh,$0.10,
Electric usage,2014-03-09,08:00,08:59,0.90,kWh,$0.12,
Electric usage,2014-03-09,09:00,09:59,0.82,kWh,$0.11,
Electric usage,2014-03-09,10:00,10:59,0.89,kWh,$0.12,
Electric usage,2014-03-09,11:00,11:59,0.74,kWh,$0.10,
Electric usage,2014-03-09,12:00,12:59,0.79,kWh,$0.10,
Electric usage,2014-03-09,13:00,13:59,0.95,kWh,$0.13,
Electric usage,2014-03-09,14:00,14:59,0.73,kWh,$0.10,
Electric usage,2014-03-09,15:00,15:59,0.29,kWh,$0.04,
Electric usage,2014-03-09,16:00,16:59,0.25,kWh,$0.03,
Electric usage,2014-03-09,17:00,17:59,0.23,kWh,$0.03,
Electric usage,2014-03-09,18:00,18:59,0.51,kWh,$0.07,
Electric usage,2014-03-09,19:00,19:59,0.50,kWh,$0.07,
Electric usage,2014-03-09,20:00,20:59,0.78,kWh,$0.10,
Electric usage,2014-03-09,21:00,21:59,0.74,kWh,$0.10,
Electric usage,2014-03-09,22:00,22:59,0.69,kWh,$0.09,
Electric usage,2014-03-09,23:00,23:59,0.70,kWh,$0.09,
Electric usage,2014-03-10,00:00,00:59,0.78,kWh,$0.10,
Electric usage,2014-03-10,01:00,01:59,0.75,kWh,$0.10,
Electric usage,2014-03-10,02:00,02:59,0.89,kWh,$0.12,
Electric usage,2014-03-10,03:00,03:59,0.70,kWh,$0.09,
Electric usage,2014-03-10,04:00,04:59,0.80,kWh,$0.11,
Electric usage,2014-03-10,05:00,05:59,0.73,kWh,$0.10,
Electric usage,2014-03-10,06:00,06:59,0.99,kWh,$0.13,
Electric usage,2014-03-10,07:00,07:59,0.88,kWh,$0.12,
Electric usage,2014-03-10,08:00,08:59,0.70,kWh,$0.09,
Electric usage,2014-03-10,09:00,09:59,0.83,kWh,$0.11,
Electric usage,2014-03-10,10:00,10:59,0.84,kWh,$0.11,
Electric usage,2014-03-10,11:00,11:59,0.74,kWh,$0.10,
Electric usage,2014-03-10,12:00,12:59,0.79,kWh,$0.11,
Electric usage,2014-03-10,13:00,13:59,0.70,kWh,$0.09,
Electric usage,2014-03-10,14:00,14:59,0.30,kWh,$0.04,
Electric usage,2014-03-10,15:00,15:59,0.13,kWh,$0.02,
Electric usage,2014-03-10,16:00,16:59,0.16,kWh,$0.02,
Electric usage,2014-03-10,17:00,17:59,0.16,kWh,$0.02,
Electric usage,2014-03-10,18:00,18:59,0.29,kWh,$0.04,
Electric usage,2014-03-10,19:00,19:59,0.43,kWh,$0.06,
Electric usage,2014-03-10,20:00,20:59,0.28,kWh,$0.04,
Electric usage,2014-03-10,21:00,21:59,0.35,kWh,$0.05,
Electric usage,2014-03-10,22:00,22:59,0.34,kWh,$0.05,
Electric usage,2014-03-10,23:00,23:59,0.42,kWh,$0.06,
Electric usage,2014-03-11,00:00,00:59,0.50,kWh,$0.07,
Electric usage,2014-03-11,01:00,01:59,0.45,kWh,$0.06,
Electric usage,2014-03-11,02:00,02:59,0.49,kWh,$0.06,
Electric usage,2014-03-11,03:00,03:59,0.30,kWh,$0.04,
Electric usage,2014-03-11,04:00,04:59,0.37,kWh,$0.05,
Electric usage,2014-03-11,05:00,05:59,0.35,kWh,$0.05,
Electric usage,2014-03-11,06:00,06:59,0.56,kWh,$0.07,
Electric usage,2014-03-11,07:00,07:59,0.39,kWh,$0.05,
Electric usage,2014-03-11,08:00,08:59,0.56,kWh,$0.07,
Electric usage,2014-03-11,09:00,09:59,0.48,kWh,$0.06,
Electric usage,2014-03-11,10:00,10:59,0.48,kWh,$0.06,
Electric usage,2014-03-11,11:00,11:59,0.42,kWh,$0.06,
Electric usage,2014-03-11,12:00,12:59,0.32,kWh,$0.04,
Electric usage,2014-03-11,13:00,13:59,0.15,kWh,$0.02,
Electric usage,2014-03-11,14:00,14:59,0.17,kWh,$0.02,
Electric usage,2014-03-11,15:00,15:59,0.20,kWh,$0.03,
Electric usage,2014-03-11,16:00,16:59,0.16,kWh,$0.02,
Electric usage,2014-03-11,17:00,17:59,0.14,kWh,$0.02,
Electric usage,2014-03-11,18:00,18:59,0.43,kWh,$0.06,
Electric usage,2014-03-11,19:00,19:59,0.21,kWh,$0.03,
Electric usage,2014-03-11,20:00,20:59,0.23,kWh,$0.03,
Electric usage,2014-03-11,21:00,21:59,0.29,kWh,$0.04,
Electric usage,2014-03-11,22:00,22:59,0.13,kWh,$0.02,
Electric usage,2014-03-11,23:00,23:59,0.22,kWh,$0.03,
Electric usage,2014-03-12,00:00,00:59,0.18,kWh,$0.02,
Electric usage,2014-03-12,01:00,01:59,0.21,kWh,$0.03,
Electric usage,2014-03-12,02:00,02:59,0.25,kWh,$0.03,
Electric usage,2014-03-12,03:00,03:59,0.21,kWh,$0.03,
Electric usage,2014-03-12,04:00,04:59,0.29,kWh,$0.04,
Electric usage,2014-03-12,05:00,05:59,0.34,kWh,$0.05,
Electric usage,2014-03-12,06:00,06:59,0.36,kWh,$0.05,
Electric usage,2014-03-12,07:00,07:59,0.46,kWh,$0.06,
Electric usage,2014-03-12,08:00,08:59,0.52,kWh,$0.07,
Electric usage,2014-03-12,09:00,09:59,0.25,kWh,$0.03,
Electric usage,2014-03-12,10:00,10:59,0.24,kWh,$0.03,
Electric usage,2014-03-12,11:00,11:59,0.24,kWh,$0.03,
Electric usage,2014-03-12,12:00,12:59,0.23,kWh,$0.03,
Electric usage,2014-03-12,13:00,13:59,0.12,kWh,$0.02,
Electric usage,2014-03-12,14:00,14:59,0.14,kWh,$0.02,
Electric usage,2014-03-12,15:00,15:59,0.15,kWh,$0.02,
Electric usage,2014-03-12,16:00,16:59,0.15,kWh,$0.02,
Electric usage,2014-03-12,17:00,17:59,0.22,kWh,$0.03,
Electric usage,2014-03-12,18:00,18:59,0.13,kWh,$0.02,
Electric usage,2014-03-12,19:00,19:59,0.21,kWh,$0.03,
Electric usage,2014-03-12,20:00,20:59,0.72,kWh,$0.10,
Electric usage,2014-03-12,21:00,21:59,0.77,kWh,$0.10,
Electric usage,2014-03-12,22:00,22:59,0.61,kWh,$0.08,
Electric usage,2014-03-12,23:00,23:59,0.58,kWh,$0.08,
Electric usage,2014-03-13,00:00,00:59,0.53,kWh,$0.07,
Electric usage,2014-03-13,01:00,01:59,0.56,kWh,$0.07,
Electric usage,2014-03-13,02:00,02:59,0.65,kWh,$0.09,
Electric usage,2014-03-13,03:00,03:59,1.13,kWh,$0.15,
Electric usage,2014-03-13,04:00,04:59,1.26,kWh,$0.17,
Electric usage,2014-03-13,05:00,05:59,1.20,kWh,$0.16,
Electric usage,2014-03-13,06:00,06:59,2.02,kWh,$0.27,
Electric usage,2014-03-13,07:00,07:59,2.31,kWh,$0.31,
Electric usage,2014-03-13,08:00,08:59,2.23,kWh,$0.30,
Electric usage,2014-03-13,09:00,09:59,1.81,kWh,$0.24,
Electric usage,2014-03-13,10:00,10:59,1.85,kWh,$0.25,
Electric usage,2014-03-13,11:00,11:59,2.48,kWh,$0.33,
Electric usage,2014-03-13,12:00,12:59,2.59,kWh,$0.34,
Electric usage,2014-03-13,13:00,13:59,2.27,kWh,$0.30,
Electric usage,2014-03-13,14:00,14:59,2.49,kWh,$0.33,
Electric usage,2014-03-13,15:00,15:59,2.22,kWh,$0.29,
Electric usage,2014-03-13,16:00,16:59,2.20,kWh,$0.29,
Electric usage,2014-03-13,17:00,17:59,1.96,kWh,$0.26,
Electric usage,2014-03-13,18:00,18:59,2.16,kWh,$0.29,
Electric usage,2014-03-13,19:00,19:59,1.86,kWh,$0.25,
Electric usage,2014-03-13,20:00,20:59,1.77,kWh,$0.24,
Electric usage,2014-03-13,21:00,21:59,1.97,kWh,$0.26,
Electric usage,2014-03-13,22:00,22:59,2.06,kWh,$0.27,
Electric usage,2014-03-13,23:00,23:59,2.11,kWh,$0.28,
Electric usage,2014-03-14,00:00,00:59,2.04,kWh,$0.27,
Electric usage,2014-03-14,01:00,01:59,2.09,kWh,$0.28,
Electric usage,2014-03-14,02:00,02:59,1.96,kWh,$0.26,
Electric usage,2014-03-14,03:00,03:59,2.00,kWh,$0.27,
Electric usage,2014-03-14,04:00,04:59,2.00,kWh,$0.27,
Electric usage,2014-03-14,05:00,05:59,2.06,kWh,$0.27,
Electric usage,2014-03-14,06:00,06:59,2.24,kWh,$0.30,
Electric usage,2014-03-14,07:00,07:59,2.12,kWh,$0.28,
Electric usage,2014-03-14,08:00,08:59,2.16,kWh,$0.29,
Electric usage,2014-03-14,09:00,09:59,1.89,kWh,$0.25,
Electric usage,2014-03-14,10:00,10:59,1.93,kWh,$0.26,
Electric usage,2014-03-14,11:00,11:59,1.75,kWh,$0.23,
Electric usage,2014-03-14,12:00,12:59,1.90,kWh,$0.25,
Electric usage,2014-03-14,13:00,13:59,1.35,kWh,$0.18,
Electric usage,2014-03-14,14:00,14:59,1.56,kWh,$0.21,
Electric usage,2014-03-14,15:00,15:59,1.46,kWh,$0.19,
Electric usage,2014-03-14,16:00,16:59,1.38,kWh,$0.18,
Electric usage,2014-03-14,17:00,17:59,1.19,kWh,$0.16,
Electric usage,2014-03-14,18:00,18:59,1.27,kWh,$0.17,
Electric usage,2014-03-14,19:00,19:59,1.43,kWh,$0.19,
Electric usage,2014-03-14,20:00,20:59,1.48,kWh,$0.20,
Electric usage,2014-03-14,21:00,21:59,1.35,kWh,$0.18,
Electric usage,2014-03-14,22:00,22:59,0.65,kWh,$0.09,
Electric usage,2014-03-14,23:00,23:59,0.34,kWh,$0.04,
Electric usage,2014-03-15,00:00,00:59,0.39,kWh,$0.05,
Electric usage,2014-03-15,01:00,01:59,0.34,kWh,$0.05,
Electric usage,2014-03-15,02:00,02:59,0.38,kWh,$0.05,
Electric usage,2014-03-15,03:00,03:59,0.40,kWh,$0.05,
Electric usage,2014-03-15,04:00,04:59,0.50,kWh,$0.07,
Electric usage,2014-03-15,05:00,05:59,0.46,kWh,$0.06,
Electric usage,2014-03-15,06:00,06:59,0.47,kWh,$0.06,
Electric usage,2014-03-15,07:00,07:59,0.71,kWh,$0.09,
Electric usage,2014-03-15,08:00,08:59,0.91,kWh,$0.12,
Electric usage,2014-03-15,09:00,09:59,1.01,kWh,$0.13,
Electric usage,2014-03-15,10:00,10:59,0.89,kWh,$0.12,
Electric usage,2014-03-15,11:00,11:59,1.03,kWh,$0.14,
Electric usage,2014-03-15,12:00,12:59,0.84,kWh,$0.11,
Electric usage,2014-03-15,13:00,13:59,0.72,kWh,$0.09,
Electric usage,2014-03-15,14:00,14:59,0.60,kWh,$0.08,
Electric usage,2014-03-15,15:00,15:59,0.32,kWh,$0.04,
Electric usage,2014-03-15,16:00,16:59,0.35,kWh,$0.05,
Electric usage,2014-03-15,17:00,17:59,0.18,kWh,$0.02,
Electric usage,2014-03-15,18:00,18:59,0.35,kWh,$0.05,
Electric usage,2014-03-15,19:00,19:59,0.48,kWh,$0.06,
Electric usage,2014-03-15,20:00,20:59,0.42,kWh,$0.06,
Electric usage,2014-03-15,21:00,21:59,0.72,kWh,$0.10,
Electric usage,2014-03-15,22:00,22:59,0.58,kWh,$0.08,
Electric usage,2014-03-15,23:00,23:59,0.56,kWh,$0.07,
Electric usage,2014-03-16,00:00,00:59,0.55,kWh,$0.07,
Electric usage,2014-03-16,01:00,01:59,0.59,kWh,$0.08,
Electric usage,2014-03-16,02:00,02:59,0.56,kWh,$0.07,
Electric usage,2014-03-16,03:00,03:59,0.60,kWh,$0.08,
Electric usage,2014-03-16,04:00,04:59,0.64,kWh,$0.09,
Electric usage,2014-03-16,05:00,05:59,0.75,kWh,$0.10,
Electric usage,2014-03-16,06:00,06:59,0.65,kWh,$0.09,
Electric usage,2014-03-16,07:00,07:59,0.76,kWh,$0.10,
Electric usage,2014-03-16,08:00,08:59,0.83,kWh,$0.11,
Electric usage,2014-03-16,09:00,09:59,0.84,kWh,$0.11,
Electric usage,2014-03-16,10:00,10:59,0.87,kWh,$0.12,
Electric usage,2014-03-16,11:00,11:59,0.67,kWh,$0.09,
Electric usage,2014-03-16,12:00,12:59,0.63,kWh,$0.08,
Electric usage,2014-03-16,13:00,13:59,0.57,kWh,$0.08,
Electric usage,2014-03-16,14:00,14:59,0.68,kWh,$0.09,
Electric usage,2014-03-16,15:00,15:59,0.87,kWh,$0.12,
Electric usage,2014-03-16,16:00,16:59,0.63,kWh,$0.08,
Electric usage,2014-03-16,17:00,17:59,0.89,kWh,$0.12,
Electric usage,2014-03-16,18:00,18:59,0.59,kWh,$0.08,
Electric usage,2014-03-16,19:00,19:59,0.64,kWh,$0.08,
Electric usage,2014-03-16,20:00,20:59,0.86,kWh,$0.11,
Electric usage,2014-03-16,21:00,21:59,0.76,kWh,$0.10,
Electric usage,2014-03-16,22:00,22:59,0.84,kWh,$0.11,
Electric usage,2014-03-16,23:00,23:59,0.76,kWh,$0.10,
Electric usage,2014-03-17,00:00,00:59,0.76,kWh,$0.10,
Electric usage,2014-03-17,01:00,01:59,0.64,kWh,$0.08,
Electric usage,2014-03-17,02:00,02:59,0.87,kWh,$0.11,
Electric usage,2014-03-17,03:00,03:59,0.71,kWh,$0.09,
Electric usage,2014-03-17,04:00,04:59,0.85,kWh,$0.11,
Electric usage,2014-03-17,05:00,05:59,0.93,kWh,$0.12,
Electric usage,2014-03-17,06:00,06:59,0.77,kWh,$0.10,
Electric usage,2014-03-17,07:00,07:59,1.00,kWh,$0.13,
Electric usage,2014-03-17,08:00,08:59,1.16,kWh,$0.15,
Electric usage,2014-03-17,09:00,09:59,0.92,kWh,$0.12,
Electric usage,2014-03-17,10:00,10:59,0.93,kWh,$0.12,
Electric usage,2014-03-17,11:00,11:59,0.79,kWh,$0.11,
Electric usage,2014-03-17,12:00,12:59,1.16,kWh,$0.15,
Electric usage,2014-03-17,13:00,13:59,0.91,kWh,$0.12,
Electric usage,2014-03-17,14:00,14:59,0.66,kWh,$0.09,
Electric usage,2014-03-17,15:00,15:59,0.66,kWh,$0.09,
Electric usage,2014-03-17,16:00,16:59,0.87,kWh,$0.12,
Electric usage,2014-03-17,17:00,17:59,0.84,kWh,$0.11,
Electric usage,2014-03-17,18:00,18:59,0.71,kWh,$0.09,
Electric usage,2014-03-17,19:00,19:59,0.79,kWh,$0.11,
Electric usage,2014-03-17,20:00,20:59,0.97,kWh,$0.13,
Electric usage,2014-03-17,21:00,21:59,0.80,kWh,$0.11,
Electric usage,2014-03-17,22:00,22:59,0.68,kWh,$0.09,
Electric usage,2014-03-17,23:00,23:59,0.86,kWh,$0.11,
Electric usage,2014-03-18,00:00,00:59,0.93,kWh,$0.12,
Electric usage,2014-03-18,01:00,01:59,0.81,kWh,$0.11,
Electric usage,2014-03-18,02:00,02:59,0.86,kWh,$0.11,
Electric usage,2014-03-18,03:00,03:59,0.90,kWh,$0.12,
Electric usage,2014-03-18,04:00,04:59,0.82,kWh,$0.11,
Electric usage,2014-03-18,05:00,05:59,0.88,kWh,$0.12,
Electric usage,2014-03-18,06:00,06:59,1.06,kWh,$0.14,
Electric usage,2014-03-18,07:00,07:59,1.01,kWh,$0.13,
Electric usage,2014-03-18,08:00,08:59,0.99,kWh,$0.13,
Electric usage,2014-03-18,09:00,09:59,0.90,kWh,$0.12,
Electric usage,2014-03-18,10:00,10:59,0.86,kWh,$0.11,
Electric usage,2014-03-18,11:00,11:59,0.77,kWh,$0.10,
Electric usage,2014-03-18,12:00,12:59,0.79,kWh,$0.10,
Electric usage,2014-03-18,13:00,13:59,0.66,kWh,$0.09,
Electric usage,2014-03-18,14:00,14:59,0.81,kWh,$0.11,
Electric usage,2014-03-18,15:00,15:59,0.92,kWh,$0.12,
Electric usage,2014-03-18,16:00,16:59,0.88,kWh,$0.12,
Electric usage,2014-03-18,17:00,17:59,0.89,kWh,$0.12,
Electric usage,2014-03-18,18:00,18:59,1.01,kWh,$0.13,
Electric usage,2014-03-18,19:00,19:59,0.65,kWh,$0.09,
Electric usage,2014-03-18,20:00,20:59,0.81,kWh,$0.11,
Electric usage,2014-03-18,21:00,21:59,0.83,kWh,$0.11,
Electric usage,2014-03-18,22:00,22:59,0.68,kWh,$0.09,
Electric usage,2014-03-18,23:00,23:59,0.85,kWh,$0.11,
Electric usage,2014-03-19,00:00,00:59,0.88,kWh,$0.12,
Electric usage,2014-03-19,01:00,01:59,0.74,kWh,$0.10,
Electric usage,2014-03-19,02:00,02:59,1.05,kWh,$0.14,
Electric usage,2014-03-19,03:00,03:59,0.86,kWh,$0.11,
Electric usage,2014-03-19,04:00,04:59,1.04,kWh,$0.14,
Electric usage,2014-03-19,05:00,05:59,0.88,kWh,$0.12,
Electric usage,2014-03-19,06:00,06:59,1.24,kWh,$0.16,
Electric usage,2014-03-19,07:00,07:59,1.01,kWh,$0.13,
Electric usage,2014-03-19,08:00,08:59,1.14,kWh,$0.15,
Electric usage,2014-03-19,09:00,09:59,0.82,kWh,$0.11,
Electric usage,2014-03-19,10:00,10:59,0.76,kWh,$0.10,
Electric usage,2014-03-19,11:00,11:59,0.86,kWh,$0.11,
Electric usage,2014-03-19,12:00,12:59,0.89,kWh,$0.12,
Electric usage,2014-03-19,13:00,13:59,0.92,kWh,$0.12,
Electric usage,2014-03-19,14:00,14:59,0.95,kWh,$0.13,
Electric usage,2014-03-19,15:00,15:59,0.81,kWh,$0.11,
Electric usage,2014-03-19,16:00,16:59,0.72,kWh,$0.10,
Electric usage,2014-03-19,17:00,17:59,0.69,kWh,$0.09,
Electric usage,2014-03-19,18:00,18:59,0.86,kWh,$0.11,
Electric usage,2014-03-19,19:00,19:59,0.52,kWh,$0.07,
Electric usage,2014-03-19,20:00,20:59,0.70,kWh,$0.09,
Electric usage,2014-03-19,21:00,21:59,0.76,kWh,$0.10,
Electric usage,2014-03-19,22:00,22:59,0.18,kWh,$0.02,
Electric usage,2014-03-19,23:00,23:59,0.14,kWh,$0.02,
Electric usage,2014-03-20,00:00,00:59,0.23,kWh,$0.03,
Electric usage,2014-03-20,01:00,01:59,0.14,kWh,$0.02,
Electric usage,2014-03-20,02:00,02:59,0.14,kWh,$0.02,
Electric usage,2014-03-20,03:00,03:59,0.14,kWh,$0.02,
Electric usage,2014-03-20,04:00,04:59,0.11,kWh,$0.01,
Electric usage,2014-03-20,05:00,05:59,0.13,kWh,$0.02,
Electric usage,2014-03-20,06:00,06:59,0.62,kWh,$0.08,
Electric usage,2014-03-20,07:00,07:59,0.14,kWh,$0.02,
Electric usage,2014-03-20,08:00,08:59,0.14,kWh,$0.02,
Electric usage,2014-03-20,09:00,09:59,0.24,kWh,$0.03,
Electric usage,2014-03-20,10:00,10:59,0.29,kWh,$0.04,
Electric usage,2014-03-20,11:00,11:59,0.28,kWh,$0.04,
Electric usage,2014-03-20,12:00,12:59,0.31,kWh,$0.04,
Electric usage,2014-03-20,13:00,13:59,0.33,kWh,$0.04,
Electric usage,2014-03-20,14:00,14:59,0.12,kWh,$0.02,
Electric usage,2014-03-20,15:00,15:59,0.15,kWh,$0.02,
Electric usage,2014-03-20,16:00,16:59,0.14,kWh,$0.02,
Electric usage,2014-03-20,17:00,17:59,0.14,kWh,$0.02,
Electric usage,2014-03-20,18:00,18:59,0.18,kWh,$0.02,
Electric usage,2014-03-20,19:00,19:59,0.44,kWh,$0.06,
Electric usage,2014-03-20,20:00,20:59,0.34,kWh,$0.05,
Electric usage,2014-03-20,21:00,21:59,0.37,kWh,$0.05,
Electric usage,2014-03-20,22:00,22:59,0.39,kWh,$0.05,
Electric usage,2014-03-20,23:00,23:59,0.15,kWh,$0.02,
Electric usage,2014-03-21,00:00,00:59,0.16,kWh,$0.02,
Electric usage,2014-03-21,01:00,01:59,0.11,kWh,$0.01,
Electric usage,2014-03-21,02:00,02:59,0.14,kWh,$0.02,
Electric usage,2014-03-21,03:00,03:59,0.20,kWh,$0.03,
Electric usage,2014-03-21,04:00,04:59,0.23,kWh,$0.03,
Electric usage,2014-03-21,05:00,05:59,0.29,kWh,$0.04,
Electric usage,2014-03-21,06:00,06:59,0.57,kWh,$0.08,
Electric usage,2014-03-21,07:00,07:59,0.14,kWh,$0.02,
Electric usage,2014-03-21,08:00,08:59,0.10,kWh,$0.01,
Electric usage,2014-03-21,09:00,09:59,0.14,kWh,$0.02,
Electric usage,2014-03-21,10:00,10:59,0.12,kWh,$0.02,
Electric usage,2014-03-21,11:00,11:59,0.12,kWh,$0.02,
Electric usage,2014-03-21,12:00,12:59,0.14,kWh,$0.02,
Electric usage,2014-03-21,13:00,13:59,0.10,kWh,$0.01,
Electric usage,2014-03-21,14:00,14:59,0.14,kWh,$0.02,
Electric usage,2014-03-21,15:00,15:59,0.14,kWh,$0.02,
Electric usage,2014-03-21,16:00,16:59,0.10,kWh,$0.01,
Electric usage,2014-03-21,17:00,17:59,0.14,kWh,$0.02,
Electric usage,2014-03-21,18:00,18:59,0.14,kWh,$0.02,
Electric usage,2014-03-21,19:00,19:59,0.14,kWh,$0.02,
Electric usage,2014-03-21,20:00,20:59,0.10,kWh,$0.01,
Electric usage,2014-03-21,21:00,21:59,0.14,kWh,$0.02,
Electric usage,2014-03-21,22:00,22:59,0.28,kWh,$0.04,
Electric usage,2014-03-21,23:00,23:59,0.30,kWh,$0.04,
Electric usage,2014-03-22,00:00,00:59,0.17,kWh,$0.02,
Electric usage,2014-03-22,01:00,01:59,0.14,kWh,$0.02,
Electric usage,2014-03-22,02:00,02:59,0.11,kWh,$0.01,
Electric usage,2014-03-22,03:00,03:59,0.14,kWh,$0.02,
Electric usage,2014-03-22,04:00,04:59,0.14,kWh,$0.02,
Electric usage,2014-03-22,05:00,05:59,0.11,kWh,$0.01,
Electric usage,2014-03-22,06:00,06:59,0.14,kWh,$0.02,
Electric usage,2014-03-22,07:00,07:59,0.14,kWh,$0.02,
Electric usage,2014-03-22,08:00,08:59,0.17,kWh,$0.02,
Electric usage,2014-03-22,09:00,09:59,0.26,kWh,$0.03,
Electric usage,2014-03-22,10:00,10:59,0.19,kWh,$0.03,
Electric usage,2014-03-22,11:00,11:59,0.46,kWh,$0.06,
Electric usage,2014-03-22,12:00,12:59,0.85,kWh,$0.11,
Electric usage,2014-03-22,13:00,13:59,0.58,kWh,$0.08,
Electric usage,2014-03-22,14:00,14:59,0.43,kWh,$0.06,
Electric usage,2014-03-22,15:00,15:59,0.13,kWh,$0.02,
Electric usage,2014-03-22,16:00,16:59,0.15,kWh,$0.02,
Electric usage,2014-03-22,17:00,17:59,0.19,kWh,$0.03,
Electric usage,2014-03-22,18:00,18:59,0.14,kWh,$0.02,
Electric usage,2014-03-22,19:00,19:59,0.24,kWh,$0.03,
Electric usage,2014-03-22,20:00,20:59,0.31,kWh,$0.04,
Electric usage,2014-03-22,21:00,21:59,0.41,kWh,$0.05,
Electric usage,2014-03-22,22:00,22:59,0.34,kWh,$0.04,
Electric usage,2014-03-22,23:00,23:59,0.51,kWh,$0.07,
Electric usage,2014-03-23,00:00,00:59,0.45,kWh,$0.06,
Electric usage,2014-03-23,01:00,01:59,0.54,kWh,$0.07,
Electric usage,2014-03-23,02:00,02:59,0.46,kWh,$0.06,
Electric usage,2014-03-23,03:00,03:59,0.51,kWh,$0.07,
Electric usage,2014-03-23,04:00,04:59,0.48,kWh,$0.06,
Electric usage,2014-03-23,05:00,05:59,0.51,kWh,$0.07,
Electric usage,2014-03-23,06:00,06:59,0.55,kWh,$0.07,
Electric usage,2014-03-23,07:00,07:59,0.71,kWh,$0.09,
Electric usage,2014-03-23,08:00,08:59,0.58,kWh,$0.08,
Electric usage,2014-03-23,09:00,09:59,0.57,kWh,$0.08,
Electric usage,2014-03-23,10:00,10:59,0.56,kWh,$0.07,
Electric usage,2014-03-23,11:00,11:59,0.43,kWh,$0.06,
Electric usage,2014-03-23,12:00,12:59,0.60,kWh,$0.08,
Electric usage,2014-03-23,13:00,13:59,0.54,kWh,$0.07,
Electric usage,2014-03-23,14:00,14:59,0.50,kWh,$0.07,
Electric usage,2014-03-23,15:00,15:59,0.66,kWh,$0.09,
Electric usage,2014-03-23,16:00,16:59,0.83,kWh,$0.11,
Electric usage,2014-03-23,17:00,17:59,0.65,kWh,$0.09,
Electric usage,2014-03-23,18:00,18:59,0.65,kWh,$0.09,
Electric usage,2014-03-23,19:00,19:59,0.74,kWh,$0.10,
Electric usage,2014-03-23,20:00,20:59,0.62,kWh,$0.08,
Electric usage,2014-03-23,21:00,21:59,0.82,kWh,$0.11,
Electric usage,2014-03-23,22:00,22:59,0.69,kWh,$0.09,
Electric usage,2014-03-23,23:00,23:59,0.74,kWh,$0.10,
Electric usage,2014-03-24,00:00,00:59,0.87,kWh,$0.12,
Electric usage,2014-03-24,01:00,01:59,0.74,kWh,$0.10,
Electric usage,2014-03-24,02:00,02:59,0.65,kWh,$0.09,
Electric usage,2014-03-24,03:00,03:59,0.81,kWh,$0.11,
Electric usage,2014-03-24,04:00,04:59,0.75,kWh,$0.10,
Electric usage,2014-03-24,05:00,05:59,0.87,kWh,$0.12,
Electric usage,2014-03-24,06:00,06:59,1.32,kWh,$0.18,
Electric usage,2014-03-24,07:00,07:59,1.00,kWh,$0.13,
Electric usage,2014-03-24,08:00,08:59,1.20,kWh,$0.16,
Electric usage,2014-03-24,09:00,09:59,1.12,kWh,$0.15,
Electric usage,2014-03-24,10:00,10:59,1.03,kWh,$0.14,
Electric usage,2014-03-24,11:00,11:59,1.02,kWh,$0.14,
Electric usage,2014-03-24,12:00,12:59,1.02,kWh,$0.13,
Electric usage,2014-03-24,13:00,13:59,1.00,kWh,$0.13,
Electric usage,2014-03-24,14:00,14:59,0.95,kWh,$0.13,
Electric usage,2014-03-24,15:00,15:59,0.84,kWh,$0.11,
Electric usage,2014-03-24,16:00,16:59,0.56,kWh,$0.07,
Electric usage,2014-03-24,17:00,17:59,0.47,kWh,$0.06,
Electric usage,2014-03-24,18:00,18:59,0.60,kWh,$0.08,
Electric usage,2014-03-24,19:00,19:59,1.22,kWh,$0.16,
Electric usage,2014-03-24,20:00,20:59,0.88,kWh,$0.12,
Electric usage,2014-03-24,21:00,21:59,0.91,kWh,$0.12,
Electric usage,2014-03-24,22:00,22:59,0.66,kWh,$0.09,
Electric usage,2014-03-24,23:00,23:59,0.84,kWh,$0.11,
Electric usage,2014-03-25,00:00,00:59,0.77,kWh,$0.10,
Electric usage,2014-03-25,01:00,01:59,0.80,kWh,$0.11,
Electric usage,2014-03-25,02:00,02:59,0.82,kWh,$0.11,
Electric usage,2014-03-25,03:00,03:59,0.84,kWh,$0.11,
Electric usage,2014-03-25,04:00,04:59,0.89,kWh,$0.12,
Electric usage,2014-03-25,05:00,05:59,0.83,kWh,$0.11,
Electric usage,2014-03-25,06:00,06:59,1.45,kWh,$0.19,
Electric usage,2014-03-25,07:00,07:59,0.83,kWh,$0.11,
Electric usage,2014-03-25,08:00,08:59,0.96,kWh,$0.13,
Electric usage,2014-03-25,09:00,09:59,0.82,kWh,$0.11,
Electric usage,2014-03-25,10:00,10:59,0.83,kWh,$0.11,
Electric usage,2014-03-25,11:00,11:59,0.79,kWh,$0.10,
Electric usage,2014-03-25,12:00,12:59,0.76,kWh,$0.10,
Electric usage,2014-03-25,13:00,13:59,0.78,kWh,$0.10,
Electric usage,2014-03-25,14:00,14:59,0.78,kWh,$0.10,
Electric usage,2014-03-25,15:00,15:59,0.81,kWh,$0.11,
Electric usage,2014-03-25,16:00,16:59,0.92,kWh,$0.12,
Electric usage,2014-03-25,17:00,17:59,0.97,kWh,$0.13,
Electric usage,2014-03-25,18:00,18:59,0.91,kWh,$0.12,
Electric usage,2014-03-25,19:00,19:59,1.08,kWh,$0.14,
Electric usage,2014-03-25,20:00,20:59,1.05,kWh,$0.14,
Electric usage,2014-03-25,21:00,21:59,1.02,kWh,$0.14,
Electric usage,2014-03-25,22:00,22:59,1.07,kWh,$0.14,
Electric usage,2014-03-25,23:00,23:59,0.93,kWh,$0.12,
Electric usage,2014-03-26,00:00,00:59,0.81,kWh,$0.11,
Electric usage,2014-03-26,01:00,01:59,0.89,kWh,$0.12,
Electric usage,2014-03-26,02:00,02:59,1.23,kWh,$0.16,
Electric usage,2014-03-26,03:00,03:59,1.00,kWh,$0.13,
Electric usage,2014-03-26,04:00,04:59,0.93,kWh,$0.12,
Electric usage,2014-03-26,05:00,05:59,1.23,kWh,$0.16,
Electric usage,2014-03-26,06:00,06:59,1.56,kWh,$0.21,
Electric usage,2014-03-26,07:00,07:59,1.20,kWh,$0.16,
Electric usage,2014-03-26,08:00,08:59,1.21,kWh,$0.16,
Electric usage,2014-03-26,09:00,09:59,1.16,kWh,$0.15,
Electric usage,2014-03-26,10:00,10:59,1.31,kWh,$0.17,
Electric usage,2014-03-26,11:00,11:59,1.39,kWh,$0.18,
Electric usage,2014-03-26,12:00,12:59,1.37,kWh,$0.18,
Electric usage,2014-03-26,13:00,13:59,1.53,kWh,$0.20,
Electric usage,2014-03-26,14:00,14:59,1.40,kWh,$0.19,
Electric usage,2014-03-26,15:00,15:59,1.31,kWh,$0.17,
Electric usage,2014-03-26,16:00,16:59,0.90,kWh,$0.12,
Electric usage,2014-03-26,17:00,17:59,0.74,kWh,$0.10,
Electric usage,2014-03-26,18:00,18:59,0.92,kWh,$0.12,
Electric usage,2014-03-26,19:00,19:59,1.34,kWh,$0.18,
Electric usage,2014-03-26,20:00,20:59,1.56,kWh,$0.21,
Electric usage,2014-03-26,21:00,21:59,1.33,kWh,$0.18,
Electric usage,2014-03-26,22:00,22:59,1.29,kWh,$0.17,
Electric usage,2014-03-26,23:00,23:59,1.36,kWh,$0.18,
Electric usage,2014-03-27,00:00,00:59,1.32,kWh,$0.18,
Electric usage,2014-03-27,01:00,01:59,1.56,kWh,$0.21,
Electric usage,2014-03-27,02:00,02:59,1.35,kWh,$0.18,
Electric usage,2014-03-27,03:00,03:59,1.30,kWh,$0.17,
Electric usage,2014-03-27,04:00,04:59,1.20,kWh,$0.16,
Electric usage,2014-03-27,05:00,05:59,1.47,kWh,$0.20,
Electric usage,2014-03-27,06:00,06:59,1.38,kWh,$0.18,
Electric usage,2014-03-27,07:00,07:59,1.55,kWh,$0.21,
Electric usage,2014-03-27,08:00,08:59,1.00,kWh,$0.13,
Electric usage,2014-03-27,09:00,09:59,1.36,kWh,$0.18,
Electric usage,2014-03-27,10:00,10:59,1.10,kWh,$0.15,
Electric usage,2014-03-27,11:00,11:59,1.14,kWh,$0.15,
Electric usage,2014-03-27,12:00,12:59,0.95,kWh,$0.13,
Electric usage,2014-03-27,13:00,13:59,0.96,kWh,$0.13,
Electric usage,2014-03-27,14:00,14:59,0.91,kWh,$0.12,
Electric usage,2014-03-27,15:00,15:59,0.94,kWh,$0.12,
Electric usage,2014-03-27,16:00,16:59,0.95,kWh,$0.13,
Electric usage,2014-03-27,17:00,17:59,0.82,kWh,$0.11,
Electric usage,2014-03-27,18:00,18:59,0.62,kWh,$0.08,
Electric usage,2014-03-27,19:00,19:59,0.89,kWh,$0.12,
Electric usage,2014-03-27,20:00,20:59,0.90,kWh,$0.12,
Electric usage,2014-03-27,21:00,21:59,0.94,kWh,$0.12,
Electric usage,2014-03-27,22:00,22:59,0.84,kWh,$0.11,
Electric usage,2014-03-27,23:00,23:59,0.79,kWh,$0.10,
Electric usage,2014-03-28,00:00,00:59,0.86,kWh,$0.11,
Electric usage,2014-03-28,01:00,01:59,0.99,kWh,$0.13,
Electric usage,2014-03-28,02:00,02:59,0.76,kWh,$0.10,
Electric usage,2014-03-28,03:00,03:59,0.80,kWh,$0.11,
Electric usage,2014-03-28,04:00,04:59,0.89,kWh,$0.12,
Electric usage,2014-03-28,05:00,05:59,0.93,kWh,$0.12,
Electric usage,2014-03-28,06:00,06:59,1.01,kWh,$0.13,
Electric usage,2014-03-28,07:00,07:59,0.93,kWh,$0.12,
Electric usage,2014-03-28,08:00,08:59,0.72,kWh,$0.10,
Electric usage,2014-03-28,09:00,09:59,0.75,kWh,$0.10,
Electric usage,2014-03-28,10:00,10:59,0.71,kWh,$0.09,
Electric usage,2014-03-28,11:00,11:59,0.69,kWh,$0.09,
Electric usage,2014-03-28,12:00,12:59,0.64,kWh,$0.09,
Electric usage,2014-03-28,13:00,13:59,0.70,kWh,$0.09,
Electric usage,2014-03-28,14:00,14:59,0.64,kWh,$0.09,
Electric usage,2014-03-28,15:00,15:59,0.49,kWh,$0.07,
Electric usage,2014-03-28,16:00,16:59,0.44,kWh,$0.06,
Electric usage,2014-03-28,17:00,17:59,0.49,kWh,$0.06,
Electric usage,2014-03-28,18:00,18:59,0.40,kWh,$0.05,
Electric usage,2014-03-28,19:00,19:59,0.66,kWh,$0.09,
Electric usage,2014-03-28,20:00,20:59,0.53,kWh,$0.07,
Electric usage,2014-03-28,21:00,21:59,0.50,kWh,$0.07,
Electric usage,2014-03-28,22:00,22:59,0.50,kWh,$0.07,
Electric usage,2014-03-28,23:00,23:59,0.47,kWh,$0.06,
Electric usage,2014-03-29,00:00,00:59,0.52,kWh,$0.07,
Electric usage,2014-03-29,01:00,01:59,0.42,kWh,$0.06,
Electric usage,2014-03-29,02:00,02:59,0.42,kWh,$0.06,
Electric usage,2014-03-29,03:00,03:59,0.59,kWh,$0.08,
Electric usage,2014-03-29,04:00,04:59,0.38,kWh,$0.05,
Electric usage,2014-03-29,05:00,05:59,0.47,kWh,$0.06,
Electric usage,2014-03-29,06:00,06:59,0.44,kWh,$0.06,
Electric usage,2014-03-29,07:00,07:59,0.82,kWh,$0.11,
Electric usage,2014-03-29,08:00,08:59,0.45,kWh,$0.06,
Electric usage,2014-03-29,09:00,09:59,0.42,kWh,$0.06,
Electric usage,2014-03-29,10:00,10:59,0.56,kWh,$0.07,
Electric usage,2014-03-29,11:00,11:59,0.41,kWh,$0.05,
Electric usage,2014-03-29,12:00,12:59,0.49,kWh,$0.07,
Electric usage,2014-03-29,13:00,13:59,0.30,kWh,$0.04,
Electric usage,2014-03-29,14:00,14:59,0.47,kWh,$0.06,
Electric usage,2014-03-29,15:00,15:59,0.46,kWh,$0.06,
Electric usage,2014-03-29,16:00,16:59,0.45,kWh,$0.06,
Electric usage,2014-03-29,17:00,17:59,0.41,kWh,$0.05,
Electric usage,2014-03-29,18:00,18:59,0.52,kWh,$0.07,
Electric usage,2014-03-29,19:00,19:59,0.44,kWh,$0.06,
Electric usage,2014-03-29,20:00,20:59,0.43,kWh,$0.06,
Electric usage,2014-03-29,21:00,21:59,0.41,kWh,$0.05,
Electric usage,2014-03-29,22:00,22:59,0.39,kWh,$0.05,
Electric usage,2014-03-29,23:00,23:59,0.24,kWh,$0.03,
Electric usage,2014-03-30,00:00,00:59,0.25,kWh,$0.03,
Electric usage,2014-03-30,01:00,01:59,0.36,kWh,$0.05,
Electric usage,2014-03-30,02:00,02:59,0.37,kWh,$0.05,
Electric usage,2014-03-30,03:00,03:59,0.27,kWh,$0.04,
Electric usage,2014-03-30,04:00,04:59,0.35,kWh,$0.05,
Electric usage,2014-03-30,05:00,05:59,0.39,kWh,$0.05,
Electric usage,2014-03-30,06:00,06:59,0.36,kWh,$0.05,
Electric usage,2014-03-30,07:00,07:59,0.42,kWh,$0.06,
Electric usage,2014-03-30,08:00,08:59,0.43,kWh,$0.06,
Electric usage,2014-03-30,09:00,09:59,0.49,kWh,$0.06,
Electric usage,2014-03-30,10:00,10:59,0.60,kWh,$0.08,
Electric usage,2014-03-30,11:00,11:59,0.57,kWh,$0.08,
Electric usage,2014-03-30,12:00,12:59,0.58,kWh,$0.08,
Electric usage,2014-03-30,13:00,13:59,0.51,kWh,$0.07,
Electric usage,2014-03-30,14:00,14:59,0.47,kWh,$0.06,
Electric usage,2014-03-30,15:00,15:59,0.73,kWh,$0.10,
Electric usage,2014-03-30,16:00,16:59,0.60,kWh,$0.08,
Electric usage,2014-03-30,17:00,17:59,0.61,kWh,$0.08,
Electric usage,2014-03-30,18:00,18:59,0.87,kWh,$0.11,
Electric usage,2014-03-30,19:00,19:59,0.96,kWh,$0.13,
Electric usage,2014-03-30,20:00,20:59,1.14,kWh,$0.15,
Electric usage,2014-03-30,21:00,21:59,0.92,kWh,$0.12,
Electric usage,2014-03-30,22:00,22:59,0.91,kWh,$0.12,
Electric usage,2014-03-30,23:00,23:59,1.34,kWh,$0.18,
Electric usage,2014-03-31,00:00,00:59,0.89,kWh,,
Electric usage,2014-03-31,01:00,01:59,1.04,kWh,,
Electric usage,2014-03-31,02:00,02:59,0.97,kWh,,
Electric usage,2014-03-31,03:00,03:59,1.18,kWh,,
Electric usage,2014-03-31,04:00,04:59,0.87,kWh,,
Electric usage,2014-03-31,05:00,05:59,0.87,kWh,,
Electric usage,2014-03-31,06:00,06:59,1.28,kWh,,
Electric usage,2014-03-31,07:00,07:59,0.83,kWh,,
Electric usage,2014-03-31,08:00,08:59,1.03,kWh,,
Electric usage,2014-03-31,09:00,09:59,0.95,kWh,,
Electric usage,2014-03-31,10:00,10:59,1.08,kWh,,
Electric usage,2014-03-31,11:00,11:59,1.04,kWh,,
Electric usage,2014-03-31,12:00,12:59,0.86,kWh,,
Electric usage,2014-03-31,13:00,13:59,0.78,kWh,,
Electric usage,2014-03-31,14:00,14:59,0.68,kWh,,
Electric usage,2014-03-31,15:00,15:59,0.51,kWh,,
Electric usage,2014-03-31,16:00,16:59,0.14,kWh,,
Electric usage,2014-03-31,17:00,17:59,0.14,kWh,,
Electric usage,2014-03-31,18:00,18:59,0.33,kWh,,
Electric usage,2014-03-31,19:00,19:59,0.61,kWh,,
Electric usage,2014-03-31,20:00,20:59,0.78,kWh,,
Electric usage,2014-03-31,21:00,21:59,0.77,kWh,,
Electric usage,2014-03-31,22:00,22:59,0.57,kWh,,
Electric usage,2014-03-31,23:00,23:59,0.54,kWh,,
