﻿Name,Stephanie Kim Nothelle
Address,"807 ST-PAUL ST 2A, BALTIMORE, MD 21202"
Account Number,3679731000

TYPE,START DATE,END DATE,USAGE,UNITS,COST,NOTES
Electric billing,2012-06-17,2012-07-31,530.00,kWh,$80.03,
Electric billing,2012-08-01,2012-08-30,479.00,kWh,$73.09,
Electric billing,2012-08-31,2012-10-01,303.00,kWh,$49.06,
Electric billing,2012-10-02,2012-11-01,153.00,kWh,$26.93,
Electric billing,2012-11-02,2012-11-30,316.00,kWh,$46.68,
Electric billing,2012-12-01,2012-12-31,463.00,kWh,$63.92,
Electric billing,2013-01-01,2013-01-30,857.00,kWh,$115.86,
Electric billing,2013-01-31,2013-02-28,847.00,kWh,$115.74,
Electric billing,2013-03-01,2013-03-28,289.00,kWh,$45.70,
Electric billing,2013-03-29,2013-05-01,187.00,kWh,$31.43,
Electric billing,2013-05-02,2013-06-04,290.00,kWh,$44.98,
Electric billing,2013-06-05,2013-06-28,420.00,kWh,$67.79,
Electric billing,2013-06-29,2013-07-31,787.00,kWh,$121.07,
Electric billing,2013-08-01,2013-08-29,385.00,kWh,$63.26,
Electric billing,2013-08-30,2013-10-01,354.00,kWh,$60.20,
Electric billing,2013-10-02,2013-10-30,243.00,kWh,$41.41,
Electric billing,2013-10-31,2013-11-27,374.00,kWh,$59.05,
Electric billing,2013-11-28,2013-12-30,778.00,kWh,$112.92,
Electric billing,2013-12-31,2014-01-31,1479.00,kWh,$207.73,
